Predicciones,Lluvia
0.61348605,YES
0.032512292,NO
0.2849882,NO
0.08154098,NO
0.3766099,NO
0.045803733,NO
0.011417427,NO
0.71757734,YES
0.31632137,NO
0.7668244,YES
